;S26;;;S27;;S28;S29;;S30;S31;S32;;;S33;S34;S35;S36;;;;S37;;;S38;S39;S40;S41;;S42;;S43;S44;;S45;S46;S47;;;;;
;;;;;;;;;;;;;;;;;;;;;;;;;;;;;;;;;;;;;;;;;acc
;S26;;;S27;;S28;S29;;S30;S31;S32;;;S33;S34;S35;S36;;;;S37;;;S38;S39;S40;S41;;S42;;S43;S44;;S45;S46;S47;;;;;R0
;R4;;;R4;;R4;R4;;R4;R4;R4;;;R4;R4;R4;R4;;;;R4;;;R4;R4;R4;R4;R4;R4;;R4;R4;;R4;R4;R4;;;;;R4
;R5;;;R5;;R5;R5;;R5;R5;R5;;;R5;R5;R5;R5;;;;R5;;;R5;R5;R5;R5;R5;R5;;R5;R5;;R5;R5;R5;;;;;R5
;;;;;;;;;;;;;;;;;;;;;;;;;;;;;;;;S49;;;;;;;S50;;
;;;;;;;;;;;;;;;;;;;;;;;;;;;;;;;;R12;;;;;;;R12;;
;;;;;;;;;;;;;;;;;;;;;;;;;;;;;;;;R15;;;;;;;R15;;
;;;;;;;;;;;;;;;;;;;;;;;;;;;;;;;;R18;;;;;;S52;R18;S53;
;;;;;;;;;;;;;;;;;;;;;;;;;;;;;;;;R28;;;;;;;R28;;
;R9;;;R9;;R9;R9;;R9;R9;R9;;;R9;R9;R9;R9;;;;R9;;;R9;R9;R9;R9;R9;R9;;R9;R9;;R9;R9;R9;;;;;R9
;R10;;;R10;;R10;R10;;R10;R10;R10;;;R10;R10;R10;R10;;;;R10;;;R10;R10;R10;R10;R10;R10;;R10;R10;;R10;R10;R10;;;;;R10
;R11;;;R11;;R11;R11;;R11;R11;R11;;;R11;R11;R11;R11;;;;R11;;;R11;R11;R11;R11;R11;R11;;R11;R11;;R11;R11;R11;;;;;R11
;;;;;;;;;;;;R31;;;;;;;;;;R31;S54;;;;;;;;;R31;;;;;;R31;R31;R31;
;R39;;;R39;;R39;R39;;R39;R39;R39;;;R39;R39;R39;R39;S57;S58;;R39;;;R39;R39;R39;R39;R39;R39;;R39;R39;;R39;R39;R39;;;;;R39
;R43;;;R43;;R43;R43;;R43;R43;R43;;;R43;R43;R43;R43;;;;R43;;;R43;R43;R43;R43;R43;R43;;R43;R43;;R43;R43;R43;;;;;R43
;S59;;;;;;;;;;;R57;R57;;;;;;;;;R57;R57;;;;;;;;;R57;;;;;;R57;R57;R57;
;R69;S60;;;;;;;;;;R69;R69;;;;;;R69;;;R69;R69;;;;;;;;;R69;;;;;;R69;R69;R69;
;R71;R71;S61;;;;;;;;;R71;R71;;;;;;R71;;;R71;R71;;;;;;;;;R71;;;;;;R71;R71;R71;
;R74;R74;R74;;;;;;;;;R74;R74;;;;;;R74;;;R74;R74;;;;;;;;;R74;;;;;;R74;R74;R74;
;R75;R75;R75;;;;;;;;;R75;R75;;;;;;R75;;;R75;R75;;;;;;;;;R75;S62;;;;;R75;R75;R75;
R77;R77;R77;R77;;;;;;;;;R77;R77;;;;;;R77;;;R77;R77;;;;;;;;;R77;R77;;;S63;;R77;R77;R77;
R79;R79;R79;R79;;;;;;;;;R79;R79;;;;;;R79;;;R79;R79;;;;;;;;;R79;R79;;;R79;S64;R79;R79;R79;
R82;R82;R82;R82;;;;;;;;;R82;R82;;;;;;R82;;;R82;R82;;;;;;;;;R82;R82;;;R82;R82;R82;R82;R82;
R83;R83;R83;R83;;;;;S65;;;;R83;R83;;;;;;R83;;;R83;R83;;;;;;;;;R83;R83;;;R83;R83;R83;R83;R83;
R85;R85;R85;R85;;S68;;;R85;;;;R85;R85;;;S69;S70;;R85;;;R85;R85;;;;;;;;;R85;R85;;;R85;R85;R85;R85;R85;
;;;;S27;;;;;;S31;S32;;;S33;;S35;S36;;;;;;;S38;;;S41;;;;;;;;;S47;;;;;
;;;;S27;;;;;;S31;S32;;;S33;;S35;S36;;;;;;;S38;;;S41;;;;;;;;;S47;;;;;
;;;;;;;;;;S31;S32;;;S33;;S35;S36;;;;;;;S38;;;S41;;;;;;;;;S47;;;;;
;;;;;;;;;;S75;;;;;;;;;;;;;;;;;;;;;;;;;;;;;;;
;;;;;;;;;;S31;S32;;;S33;;S35;S36;;;;;;;S38;;;S41;;;;;;;;;S47;;;;;
R92;R92;R92;R92;;R92;;;R92;;;;R92;R92;;;R92;R92;;R92;;;R92;R92;;;;;;;;;R92;R92;;;R92;R92;R92;R92;R92;
R94;R94;R94;R94;;R94;;;R94;;;;R94;R94;;;R94;R94;;R94;;;R94;R94;;;;;;;;;R94;R94;;;R94;R94;R94;R94;R94;
R95;R95;R95;R95;;R95;;;R95;;;;R95;R95;;;R95;R95;;R95;;;R95;R95;;;;;;;;;R95;R95;;;R95;R95;R95;R95;R95;
;;;;;;;;;;;;;;;;;;;;;;;;;;;;;;;;R14;;;;;;;R14;;
;;;;S27;;;;;;S31;S32;S80;;S33;;S35;S36;;;;;;;S38;;S40;S41;;;;;;;;;S47;;;;;
;;;;S27;;;;;;S31;S32;;S82;S33;;S35;S36;;;;;;;S38;;;S41;;;;;;;;;S47;;;;;
;;;;;;;;;;;;;;;;;;;;;;;;;;;;;;;;R24;;;;;;;R24;;
R96;R96;R96;R96;;R96;;;R96;;;;R96;R96;;;R96;R96;;R96;;;R96;R96;;;;;;;;;R96;R96;;;R96;R96;R96;R96;R96;
;;;;S27;;;;;;S31;S32;;;S33;;S35;S36;;;;;;;S38;;;S41;;;;;;;;;S47;;;;;
;;;;S27;;;;;;S31;S32;R33;;S33;;S35;S36;;;S86;;;;S38;;;S41;;;;;R33;;;;S47;;R33;R33;;
R93;R93;R93;R93;;R93;;;R93;;;;R93;R93;;;R93;R93;;R93;;;R93;R93;;;;;;;;;R93;R93;;;R93;R93;R93;R93;R93;
;;;;S27;;;;;;S31;S32;;;S33;;S35;S36;;;;;;;S38;;;S41;;;;;R26;;;;S47;;;R26;;
;;;;;;;;;;S89;;;;;;;;;;;;;;;;;;;;;;;;;;;;;;;
;S26;;;S27;;S28;S29;;S30;S31;S32;;;S33;S34;S35;S36;;;;S37;;;S38;S39;S40;S41;;S42;;S43;S44;;S45;S46;S47;;;;;R1
;;;;;;;;;;S89;;;;;;;;;;;;;;;;;;;;;;;;;;;;;;;
;;;;;;;;;;;;;;;;;;;;;;;;;;;;;;;;R25;;;;;;;R25;;
;;;;;;;;;;S31;S32;;;S33;;S35;S36;;;;;;;S38;;;S41;;;;;;;;;S47;;;;;
;;;;;;;;;;;;;;;;;;;;;;;;;;;;;;;;;;;;;;;;;R2
;R6;;;R6;;R6;R6;;R6;R6;R6;;;R6;R6;R6;R6;R6;R6;;R6;;;R6;R6;R6;R6;R6;R6;;R6;R6;;R6;R6;R6;;;;;R6
;;;;S27;;S28;;;;S31;S32;;;S33;S34;S35;S36;;;;S37;;;S38;;S40;S41;;S42;;S43;S94;;S45;S46;S47;;;;;
;;;;;;;;;;;;;;;;;;;;;;;;;;;;;;;;R21;;;;;;;R21;;
;;;;S27;;;;;;S31;S32;;;S33;;S35;S36;;;;;;;S38;;S40;S41;;;;;;;;;S47;;;;;
;;;;S27;;;;;;S31;S32;;;S33;;S35;S36;;;;;;;S38;;S40;S41;;;;;;;;;S47;;;;;
;;;;S27;;;;;;S31;S32;;;S33;;S35;S36;;;;;;;S38;;;S41;;;;;;;;;S47;;;;;
;R40;;;R40;;R40;R40;;R40;R40;R40;;;R40;R40;R40;R40;;S58;;R40;;;R40;R40;R40;R40;R40;R40;;R40;R40;;R40;R40;R40;;;;;R40
;R42;;;R42;;R42;R42;;R42;R42;R42;;;R42;R42;R42;R42;;;;R42;;;R42;R42;R42;R42;R42;R42;;R42;R42;;R42;R42;R42;;;;;R42
;;;;S27;;;;;;S31;S32;;;S33;;S35;S36;;;;;;;S38;;;S41;;;;;;;;;S47;;;;;
;;;;;;;;;;;;;;;;;;;;;;S102;;;;;;;;;;;;;;;;;;;
;;;;S27;;;;;;S31;S32;;;S33;;S35;S36;;;;;;;S38;;;S41;;;;;;;;;S47;;;;;
;;;;S27;;;;;;S31;S32;;;S33;;S35;S36;;;;;;;S38;;;S41;;;;;;;;;S47;;;;;
;;;;S27;;;;;;S31;S32;;;S33;;S35;S36;;;;;;;S38;;;S41;;;;;;;;;S47;;;;;
;;;;;;;;;;S31;S32;;;S33;;S35;S36;;;;;;;S38;;;S41;;;;;;;;;S47;;;;;
;;;;;;;;;;S31;S32;;;S33;;S35;S36;;;;;;;S38;;;S41;;;;;;;;;S47;;;;;
;;;;;;;;;;S31;S32;;;S33;;S35;S36;;;;;;;S38;;;S41;;;;;;;;;S47;;;;;
;;;;;;;;;;S31;S32;;;S33;;S35;S36;;;;;;;S38;;;S41;;;;;;;;;S47;;;;;
R86;R86;R86;R86;;;;;R86;;;;R86;R86;;;;;;R86;;;R86;R86;;;;;;;;;R86;R86;;;R86;R86;R86;R86;R86;
R97;R97;R97;R97;;S68;;;R97;;;;R97;R97;;;S69;S70;;R97;;;R97;R97;;;;;;;;;R97;R97;;;R97;R97;R97;R97;R97;
;;;;;;;;;;S111;;;;;;;;;;;;;;;;;;;;;;;;;;;;;;;
;;;;S27;;;;S115;;S31;S32;S116;;S33;;S35;S36;;;;;;;S38;;;S41;;;;;;;;;S47;;;;;
;;;;S27;;;;;;S31;S32;;;S33;;S35;S36;;;;;;;S38;;;S41;;;;;;;;;S47;;;;;
;;;;;;;;;;;;;;;;;;;;;;S118;;;;;;;;;;;;;;;;;;;
;R73;R73;R73;;;;;;;;;R73;R73;;;;;;R73;;;R73;R73;;;;;;;;;R73;;;;;;R73;R73;R73;
;;;;;;;;;;;;;;;;;;;;;;;;;;;;;;;;R13;;;;;;;R13;;
R22;;;;;;;;;;;;;;;;;;;;;;;S119;;;;;;;;;R22;;;;;;;R22;;
;;;;;;;;;;;;;;;;S121;;;;;;;;;;;;;;;;;;;;;;;;;
S122;;;;;;;;;;;;;;;;;;;;;;;;;;;;;;;;;;;;;;;;;
;;;;;;;;;;;;S123;;;;;;;;;;;;;;;;;;;;;;;;;;;;;
;;;;;;;;;;;;R99;R99;;;;;;;;;R99;S124;;;;;;;;;R99;;;;;;R99;R99;R99;
;;;;;;;;;;;;S125;;;;;;;;;;;;;;;;;;;;;;;;;;;;;
R87;R87;R87;R87;;R87;;;R87;;;;R87;R87;;;R87;R87;;R87;;;R87;R87;;;;;;;;;R87;R87;;;R87;R87;R87;R87;R87;
;;;;;;;;;;;;;S126;;;;;;;;;;;;;;;;;;;;;;;;;;;;
R90;R90;R90;R90;;R90;;;R90;;;;R90;R90;;;R90;R90;;R90;;;R90;R90;;;;;;;;;R90;R90;;;R90;R90;R90;R90;R90;
;;;;;;;;;;;;;;;;;;;;;;S127;;;;;;;;;;;;;;;;;;;
;;;;;;;;;;;;R115;;;;;;;;;;;;;;;;;;;;R115;;;;;;R115;R115;;
;;;;;;;;;;;;R34;;;;;;;;;;;;;;;;;;;;R34;;;;;;R34;R34;;
;;;;S27;;;;;;S31;S32;;;S33;;S35;S36;;;;;;;S38;;;S41;;;;;;;;;S47;;;;;
;;;;;;;;;;;;;;;;;;;;;;;;;;;;;;;;R27;;;;;;;R27;;
;;;;;;;;;;;;;;;;;;;;;;;;;;;;;;;;R16;;;;;;;R16;;
;;;;;;;;;;;;;;;;;;;;;;;S129;;;;;;;;;R29;;;;;;;R29;;
;;;;;;;;;;;;;;;;;;;;;;;;;;;;;;;;;;;;;;;;;R3
;;;;;;;;;;;;;;;;;;;;;;;;;;;;;;;;R17;;;;;;;R17;;
R81;R81;R81;R81;;;;;;;;;R81;R81;;;;;;R81;;;R81;R81;;;;;;;;;R81;R81;;;R81;R81;R81;R81;R81;
;;;;;;;;;;;;;;;;;;;;;;;;;;;;;;;;S130;;;;;;;;;
;R8;;;R8;;R8;R8;;R8;R8;R8;;;R8;R8;R8;R8;R8;R8;;R8;;;R8;R8;R8;R8;R8;R8;;R8;R8;;R8;R8;R8;;;;;R8
;;;;;;;;;;;;;;;;;;;;;;;;;;;;;;;;R37;;;;;;S52;R37;;
;;;;;;;;;;;;;;;;;;;;;;;;;;;;;;;;R35;;;;;;S52;R35;;
;;;;;;;;;;;;;;;;;;;;;;;;;;;;;;;;R20;;;;;;;R20;;
;;;;;;;;;;;;;;;;;;;;;;;;;;;;;;;;R19;;;;;;;R19;;
;;;;;;;;;;;;R32;;;;;;;;;;R32;;;;;;;;;;R32;;;;;;R32;R32;R32;
;R41;;;R41;;R41;R41;;R41;R41;R41;;;R41;R41;R41;R41;;;;R41;;;R41;R41;R41;R41;R41;R41;;R41;R41;;R41;R41;R41;;;;;R41
;;;;;;;;;;;;;;;;;;;;;;S133;;;;;;;;;;;;;;;;;;;
;;;;S27;;S28;;;;S31;S32;;;S33;S34;S35;S36;;;;S37;;;S38;;S40;S41;;S42;;S43;S136;;S45;S46;S47;;;;;
;;;;;;;;;;;;;;;;;;;S137;;;;;;;;;;;;;;;;;;;;;;
;R70;;;;;;;;;;;R70;R70;;;;;;R70;;;R70;R70;;;;;;;;;R70;;;;;;R70;R70;R70;
;R72;R72;;;;;;;;;;R72;R72;;;;;;R72;;;R72;R72;;;;;;;;;R72;;;;;;R72;R72;R72;
;R76;R76;R76;;;;;;;;;R76;R76;;;;;;R76;;;R76;R76;;;;;;;;;R76;;;;;;R76;R76;R76;
R78;R78;R78;R78;;;;;;;;;R78;R78;;;;;;R78;;;R78;R78;;;;;;;;;R78;R78;;;;;R78;R78;R78;
R80;R80;R80;R80;;;;;;;;;R80;R80;;;;;;R80;;;R80;R80;;;;;;;;;R80;R80;;;R80;;R80;R80;R80;
R84;R84;R84;R84;;;;;;;;;R84;R84;;;;;;R84;;;R84;R84;;;;;;;;;R84;R84;;;R84;R84;R84;R84;R84;
R98;R98;R98;R98;;;;;R98;;;;R98;R98;;;;;;R98;;;R98;R98;;;;;;;;;R98;R98;;;R98;R98;R98;R98;R98;
R104;R104;R104;R104;;R104;;;R104;;;;R104;R104;;;R104;R104;;R104;;;R104;R104;;;;;;;;;R104;R104;;;R104;R104;R104;R104;R104;
;;;;;;;;;;;;R109;;;;;;;;;;;R109;;;;;;;;;;;;;;;S138;;;
;;;;;;;;;;;;S139;;;;;;;;;;;;;;;;;;;;;;;;;;;;;
;;;;;;;;;;;;R105;;;;;;;;;;;S140;;;;;;;;;;;;;;;;;;
;;;;S27;;;;;;S31;S32;;;S33;;S35;S36;;;;;;;S38;;;S41;;;;;;;;;S47;;;;;
R101;R101;R101;R101;;R101;;;R101;;;;R101;R101;;;R101;R101;;R101;;;R101;R101;;;;;;;;;R101;R101;;;R101;R101;R101;R101;R101;
;;;;;;;;;;;;;S142;;;;;;;;;;;;;;;;;;;;;;;;;;;;
;;;;S27;;S28;;;;S31;S32;;;S33;S34;S35;S36;;;;S37;;;S38;;S40;S41;;S42;;S43;S136;;S45;S46;S47;;;;;
;;;;;;;;;;S31;S32;;;S33;;S35;S36;;;;;;;S38;;;S41;;;;;;;;;S47;;;;;
;;;;;;;;;;;;;;;;;;;;;;S146;;;;;;;;;;;;;;;;;;;
;;;;;;;;;;S149;;S150;;;;S151;;;;;;;;;;;;;;;;;;;;;;;;;
;;;;S27;;;;;;S31;S32;;;S33;;S35;S36;;;;;;;S38;;;S41;;;;;;;;;S47;;;;;
R88;R88;R88;R88;;R88;;;R88;;;;R88;R88;;;R88;R88;;R88;;;R88;R88;;;;;;;;;R88;R88;;;R88;R88;R88;R88;R88;
;;;;S27;;;;;;S31;S32;;;S33;;S35;S36;;;;;;;S38;;;S41;;;;;;;;;S47;;;;;
R89;R89;R89;R89;;R89;;;R89;;;;R89;R89;;;R89;R89;;R89;;;R89;R89;;;;;;;;;R89;R89;;;R89;R89;R89;R89;R89;
R91;R91;R91;R91;;R91;;;R91;;;;R91;R91;;;R91;R91;;R91;;;R91;R91;;;;;;;;;R91;R91;;;R91;R91;R91;R91;R91;
;;;;S27;;S28;;;;S31;S32;;;S33;S34;S35;S36;;;;S37;;;S38;;S40;S41;;S42;;S43;S136;;S45;S46;S47;;;;;
;;;;;;;;;;;;R114;;;;;;;;;;;;;;;;;;;;R114;;;;;;R114;R114;;
;;;;;;;;;;S89;;;;;;;;;;;;;;;;;;;;;;;;;;;;;;;
;R7;;;R7;;R7;R7;;R7;R7;R7;;;R7;R7;R7;R7;R7;R7;;R7;;;R7;R7;R7;R7;R7;R7;;R7;R7;;R7;R7;R7;;;;;R7
;;;;;;;;;;;;;;;;;;;;;;;;;;;;;;;;R38;;;;;;;R38;;
;;;;;;;;;;;;;;;;;;;;;;;;;;;;;;;;R36;;;;;;;R36;;
;;;;S27;;S28;;;;S31;S32;;;S33;S34;S35;S36;;;;S37;;;S38;;S40;S41;;S42;;S43;S136;;S45;S46;S47;;;;;
;R49;;;R49;;R49;R49;;R49;R49;R49;;;R49;R49;R49;R49;R49;R49;;R49;;;R49;R49;R49;R49;R49;R49;;R49;R49;;R49;R49;R49;;;;;R49
;R64;;;R64;;R64;R64;;R64;R64;R64;;;R64;R64;R64;R64;;;;R64;;;R64;R64;R64;R64;R64;R64;;R64;R64;;R64;R64;R64;;;;;R64
;;;;;;;;;;;;;;;;;;;;;;;;;;;;;;S157;;;;;;;;;;;
;;;;S27;;;;;;S31;S32;;;S33;;S35;S36;;;;;;;S38;;;S41;;;;;;;;;S47;;;;;
;;;;S27;;;;;;S31;S32;;;S33;;S35;S36;;;;;;;S38;;;S41;;;;;;;;;S47;;;;;
R102;R102;R102;R102;;R102;;;R102;;;;R102;R102;;;R102;R102;;R102;;;R102;R102;;;;;;;;;R102;R102;;;R102;R102;R102;R102;R102;
;;;;S27;;;;S115;;S31;S32;;;S33;;S35;S36;;;;;;;S38;;;S41;;;;;;;;;S47;;;;;
;;;;;;;;;;;;R111;;;;;;;;;;;R111;;;;;;;;;;;;;;;;;;
R103;R103;R103;R103;;R103;;;R103;;;;R103;R103;;;R103;R103;;R103;;;R103;R103;;;;;;;;;R103;R103;;;R103;R103;R103;R103;R103;
;R61;;;R61;;R61;R61;;R61;R61;R61;;;R61;R61;R61;R61;R61;R61;;R61;;;R61;R61;R61;R61;R61;R61;;R61;R61;;R61;R61;R61;;;;;R61
R107;;;;;;;;;;;;;;;;;;;;;;;S162;;;;;;;;;R107;;;;;;;R107;;
R23;;;;;;;;;;;;;;;;;;;;;;;;;;;;;;;;R23;;;;;;;R23;;
;;;;S27;;S28;;;;S31;S32;;;S33;S34;S35;S36;;;;S37;;;S38;;S40;S41;;S42;;S43;S136;;S45;S46;S47;;;;;
;;;;;;;;;;;;S164;;;;;;;;;;;;;;;;;;;;;;;;;;;;;
;;;;;;;;;;;;R51;;;;;;;;;;;S165;;;;;;;;;;;;;;;S166;;;
;;;;;;;;;;;;R55;;;;;;;;;;;R55;;;;;;;;;;;;;;;R55;;;
;;;;;;;;;;;;;;;;;;;;;;R47;;;;;;;;;;;;;;;;;;;
;;;;;;;;;;S149;;;;;;S151;;;;;;;;;;;;;;;;;;;;;;;;;
;;;;;;;;;;;;;;;;;;;;;;S169;;;;;;;;;;;;;;;;;;;
;;;;;;;;;;;;R100;R100;;;;;;;;;R100;;;;;;;;;;R100;;;;;;R100;R100;R100;
;R65;;;R65;;R65;R65;;R65;R65;R65;;;R65;R65;R65;R65;;S58;;R65;;;R65;R65;R65;R65;R65;R65;;R65;R65;;R65;R65;R65;;;;;R65
;;;;;;;;;;;;;;;;;;;;;;;;;;;;;;;;R30;;;;;;;R30;;
;R62;;;R62;;R62;R62;;R62;R62;R62;;;R62;R62;R62;R62;S57;R62;;R62;;;R62;R62;R62;R62;R62;R62;;R62;R62;;R62;R62;R62;;;;;R62
;S26;;;S27;;S28;S29;;S30;S31;S32;;;S33;S34;S35;S36;;;;S37;;;S38;S39;S40;S41;;S42;;S43;;;S45;S46;S47;;;;;
;;;;;;;;;;;;R58;R58;;;;;;;;;R58;R58;;;;;;;;;R58;;;;;;R58;R58;R58;
;;;;;;;;;;;;R110;;;;;;;;;;;R110;;;;;;;;;;;;;;;;;;
;;;;;;;;;;;;R112;;;;;;;;;;;S174;;;;;;;;;;;;;;;;;;
;;;;;;;;;;;;R106;;;;;;;;;;;;;;;;;;;;;;;;;;;;;
;;;;;;;;;;S31;S32;;;S33;;S35;S36;;;;;;;S38;;;S41;;;;;;;;;S47;;;;;
;R46;;;R46;;R46;R46;;R46;R46;R46;;;R46;R46;R46;R46;;;;R46;;;R46;R46;R46;R46;R46;R46;;R46;R46;;R46;R46;R46;;;;;R46
;;;;;;;;;;;;;;;;;;;;;;R48;;;;;;;;;;;;;;;;;;;
;;;;;;;;;;S149;;;;;;S151;;;;;;;;;;;;;;;;;;;;;;;;;
;;;;S27;;;;;;S31;S32;;;S33;;S35;S36;;;;;;;S38;;;S41;;;;;;;;;S47;;;;;
;;;;;;;;;;;;R59;;;;;;;;;;;S178;;;;;;;;;;;;;;;;;;
;;;;;;;;;;;;S179;;;;;;;;;;;;;;;;;;;;;;;;;;;;;
;;;;S27;;S28;;;;S31;S32;;;S33;S34;S35;S36;;;;S37;;;S38;;S40;S41;;S42;;S43;S136;;S45;S46;S47;;;;;
;R66;;;R66;;R66;R66;;R66;R66;R66;;;R66;R66;R66;R66;;;;R66;;;R66;R66;R66;R66;R66;R66;;R66;R66;;R66;R66;R66;;;;;R66
;R63;;;R63;;R63;R63;;R63;R63;R63;;;R63;R63;R63;R63;;R63;;R63;;;R63;R63;R63;R63;R63;R63;;R63;R63;;R63;R63;R63;;;;;R63
;S26;;;S27;;S28;S29;;S30;S31;S32;;;S33;S34;S35;S36;;;;S37;;;S38;S39;S40;S41;R67;S42;;S43;;;S45;S46;S47;;;;;
;;;;;;;;;;;;;;;;;;;;;;;;;;;;S182;;;;;;;;;;;;;
;;;;S27;;;;S115;;S31;S32;;;S33;;S35;S36;;;;;;;S38;;;S41;;;;;;;;;S47;;;;;
R108;;;;;;;;;;;;;;;;;;;;;;;;;;;;;;;;R108;;;;;;;R108;;
;;;;;;;;;;;;R53;;;;;;;;;;;;;;;;;;;;;;;;;;;;;
;;;;;;;;;;;;R52;;;;;;;;;;;S184;;;;;;;;;;;;;;;;;;
;;;;;;;;;;S149;;;;;;S151;;;;;;;;;;;;;;;;;;;;;;;;;
;;;;;;;;;;;;R56;;;;;;;;;;;R56;;;;;;;;;;;;;;;R56;;;
;R44;;;R44;;R44;R44;;R44;R44;R44;;;R44;R44;R44;R44;;S58;;R44;;;R44;R44;R44;R44;R44;R44;;R44;R44;;R44;R44;R44;;;;;R44
;;;;;;;;;;;;;;;;;;;;;;;;;;;;R68;;;;;;;;;;;;;
;R50;;;R50;;R50;R50;;R50;R50;R50;;;R50;R50;R50;R50;R50;R50;;R50;;;R50;R50;R50;R50;R50;R50;;R50;R50;;R50;R50;R50;;;;;R50
;;;;;;;;;;;;R113;;;;;;;;;;;;;;;;;;;;;;;;;;;;;
;;;;;;;;;;S149;;;;;;S151;;;;;;;;;;;;;;;;;;;;;;;;;
;;;;;;;;;;;;R60;;;;;;;;;;;;;;;;;;;;;;;;;;;;;
;R45;;;R45;;R45;R45;;R45;R45;R45;;;R45;R45;R45;R45;;;;R45;;;R45;R45;R45;R45;R45;R45;;R45;R45;;R45;R45;R45;;;;;R45
;;;;;;;;;;;;R54;;;;;;;;;;;;;;;;;;;;;;;;;;;;;
